antecedents,consequents,antecedent support,consequent support,support,confidence,lift,representativity,leverage,conviction,zhangs_metric,jaccard,certainty,kulczynski
frozenset({'rolls/buns'}),frozenset({'whole milk'}),0.08351917128264154,0.11804906121861737,0.007913099776994462,0.09474590869939709,0.8025977311580249,1.0,-0.0019462599866782795,0.9742578876547909,-0.21158531885674808,0.040861812778603276,-0.026422277583171384,0.08088910303952182
frozenset({'whole milk'}),frozenset({'rolls/buns'}),0.11804906121861737,0.08351917128264154,0.007913099776994462,0.06703229737964655,0.8025977311580248,1.0,-0.0019462599866782795,0.982328569513511,-0.218062829805455,0.040861812778603276,-0.01798932763936682,0.08088910303952182
frozenset({'other vegetables'}),frozenset({'whole milk'}),0.09279907920293504,0.11804906121861737,0.006977915257895115,0.07519379844961241,0.6369707448190506,1.0,-0.003976928923963484,0.9536602774752586,-0.3858361449170582,0.03422724064925899,-0.04859143619510098,0.067152048524014
frozenset({'whole milk'}),frozenset({'other vegetables'}),0.11804906121861737,0.09279907920293504,0.006977915257895115,0.059110298598415593,0.6369707448190506,1.0,-0.003976928923963484,0.9641947610284867,-0.39254630275224195,0.03422724064925899,-0.03713486156398579,0.067152048524014
frozenset({'yogurt'}),frozenset({'whole milk'}),0.06431192000575499,0.11804906121861737,0.006546291633695417,0.10178970917225949,0.8622661469857277,1.0,-0.0010456701481507766,0.9818980563767822,-0.14582016309446508,0.03723404255319149,-0.01843566499155146,0.07862185032043809
frozenset({'whole milk'}),frozenset({'yogurt'}),0.11804906121861737,0.06431192000575499,0.006546291633695417,0.055453991468616695,0.8622661469857278,1.0,-0.0010456701481507766,0.9906220253358426,-0.15334254619521726,0.03723404255319149,-0.0094667536399446,0.07862185032043809
frozenset({'soda'}),frozenset({'whole milk'}),0.07409538882094813,0.11804906121861737,0.00597079346809582,0.08058252427184466,0.6826189335179236,1.0,-0.0027760976228455416,0.959249701103299,-0.3342890437080149,0.03207109737248841,-0.042481429861100116,0.06558071978369807
frozenset({'whole milk'}),frozenset({'soda'}),0.11804906121861737,0.07409538882094813,0.00597079346809582,0.05057891529555149,0.6826189335179236,1.0,-0.0027760976228455416,0.9752307233278716,-0.3451979920554789,0.03207109737248841,-0.025398376076182012,0.06558071978369807
frozenset({'soda'}),frozenset({'other vegetables'}),0.07409538882094813,0.09279907920293504,0.005467232573196173,0.07378640776699029,0.7951200421464589,1.0,-0.0014087512825712595,0.979472692265175,-0.21770605076694222,0.0338680926916221,-0.020957508970824514,0.06635056822458041
frozenset({'other vegetables'}),frozenset({'soda'}),0.09279907920293504,0.07409538882094813,0.005467232573196173,0.05891472868217054,0.795120042146459,1.0,-0.0014087512825712595,0.9838689855197503,-0.22120163164480836,0.0338680926916221,-0.01639549037286514,0.06635056822458041
frozenset({'sausage'}),frozenset({'whole milk'}),0.045248543270268324,0.11804906121861737,0.005251420761096324,0.11605723370429252,0.983127121098946,1.0,-9.012729346883838e-05,0.9977466555638304,-0.017658414717238235,0.03322712790168411,-0.0022584334646516897,0.08027115189175625
frozenset({'rolls/buns'}),frozenset({'other vegetables'}),0.08351917128264154,0.09279907920293504,0.005035608948996475,0.06029285099052541,0.6497138927281346,1.0,-0.0027148932418248747,0.9654081292808363,-0.3703844904759888,0.02939941201175976,-0.03583134393630214,0.05727820844099914
frozenset({'other vegetables'}),frozenset({'rolls/buns'}),0.09279907920293504,0.08351917128264154,0.005035608948996475,0.05426356589147287,0.6497138927281346,1.0,-0.0027148932418248747,0.969065794299502,-0.37276092625356155,0.02939941201175976,-0.031921677436627605,0.05727820844099914
frozenset({'yogurt'}),frozenset({'rolls/buns'}),0.06431192000575499,0.08351917128264154,0.0044601107833968775,0.06935123042505592,0.8303630095940588,1.0,-0.0009111674790793145,0.9847762750881232,-0.17920704809945204,0.03110888108379327,-0.01545906953385382,0.061376734936903495
frozenset({'rolls/buns'}),frozenset({'yogurt'}),0.08351917128264154,0.06431192000575499,0.0044601107833968775,0.05340223944875107,0.8303630095940587,1.0,-0.0009111674790793145,0.9884748506581605,-0.18227820844099935,0.03110888108379327,-0.011659527133306027,0.061376734936903495
frozenset({'soda'}),frozenset({'rolls/buns'}),0.07409538882094813,0.08351917128264154,0.004388173512696928,0.059223300970873784,0.7090982832007894,1.0,-0.0018002119574937617,0.974174668296057,-0.3070335392762577,0.02863849765258216,-0.02650996022008505,0.05588210698845153
frozenset({'rolls/buns'}),frozenset({'soda'}),0.08351917128264154,0.07409538882094813,0.004388173512696928,0.052540913006029276,0.7090982832007894,1.0,-0.0018002119574937617,0.9772502305262538,-0.30921441517356746,0.02863849765258216,-0.023279369769496305,0.05588210698845153
frozenset({'bottled water'}),frozenset({'whole milk'}),0.047118912308467015,0.11804906121861737,0.004316236241996978,0.0916030534351145,0.7759744337608329,1.0,-0.0012461071216599076,0.9708871679021944,-0.23252748526152645,0.02683363148479427,-0.029985803768227844,0.06408306236655176
frozenset({'yogurt'}),frozenset({'other vegetables'}),0.06431192000575499,0.09279907920293504,0.00410042442989713,0.06375838926174497,0.6870584256802457,1.0,-0.001867662528409749,0.9689816286649654,-0.3274084597505946,0.02679830747531735,-0.03201131003667299,0.05397221788668644
frozenset({'bottled beer'}),frozenset({'whole milk'}),0.03510538810157542,0.11804906121861737,0.0037407380763973814,0.10655737704918034,0.9026533201466519,1.0,-0.0004034200327088177,0.9871377479938411,-0.10053234841997752,0.025036109773712085,-0.013029845158184684,0.06912268608705208
frozenset({'tropical fruit'}),frozenset({'whole milk'}),0.04841378318106611,0.11804906121861737,0.0037407380763973814,0.07726597325408618,0.6545242499726094,1.0,-0.0019744635781691598,0.9558019030593727,-0.35678143851160987,0.022988505747126436,-0.04624190096206754,0.054476984189505
frozenset({'shopping bags'}),frozenset({'whole milk'}),0.03532119991367527,0.11804906121861737,0.003596863534997482,0.10183299389002037,0.8626328141774364,1.0,-0.0005727709559269927,0.9819453762849408,-0.14168419354797415,0.024015369836695485,-0.01838658661784885,0.06615110998583895
frozenset({'pip fruit'}),frozenset({'whole milk'}),0.036472196244874466,0.11804906121861737,0.003381051722897633,0.09270216962524655,0.7852851066182525,1.0,-0.0009244568043909793,0.9720633173090457,-0.22104588459187433,0.02237029985721085,-0.02873957096569721,0.06067162107100231
frozenset({'citrus fruit'}),frozenset({'whole milk'}),0.03978131069707215,0.11804906121861737,0.003381051722897633,0.08499095840867993,0.7199630181834611,1.0,-0.0013150946589378753,0.9638712828974398,-0.28829403209594756,0.021891010712622262,-0.03748292717462809,0.056816015462719
frozenset({'root vegetables'}),frozenset({'rolls/buns'}),0.05157902309186389,0.08351917128264154,0.003381051722897633,0.06555090655509066,0.7848605960571191,1.0,-0.0009267855413030708,0.9807712749109643,-0.22421620105716775,0.025669033315128344,-0.019605718051623606,0.05301662468150743
frozenset({'sausage'}),frozenset({'soda'}),0.045248543270268324,0.07409538882094813,0.0033091144521976835,0.07313195548489666,0.986997391451989,1.0,-4.359395499434378e-05,0.9989605496254265,-0.01361045406956448,0.02851828890266584,-0.001040531955904856,0.05889607482982698
frozenset({'root vegetables'}),frozenset({'whole milk'}),0.05157902309186389,0.11804906121861737,0.0033091144521976835,0.06415620641562064,0.5434707040728474,1.0,-0.002779740802370236,0.9424125530644581,-0.46969565806674446,0.019896193771626294,-0.06110640902254955,0.046093947205372784
frozenset({'frankfurter'}),frozenset({'whole milk'}),0.028846845550679807,0.11804906121861737,0.003237177181497734,0.11221945137157108,0.9506170588154842,1.0,-0.0001681658548784667,0.9934335012677934,-0.05077531734573345,0.022533800701051578,-0.006609902649575084,0.06982087742253143
frozenset({'sausage'}),frozenset({'yogurt'}),0.045248543270268324,0.06431192000575499,0.003237177181497734,0.07154213036565978,1.1124241098579826,1.0,0.000327156486323294,1.0077873327335276,0.10585191882660222,0.030446549391069007,0.007727158777045933,0.060938850417729215
frozenset({'bottled water'}),frozenset({'rolls/buns'}),0.047118912308467015,0.08351917128264154,0.003237177181497734,0.06870229007633588,0.8225930528433635,1.0,-0.000698155326244889,0.9840900701801144,-0.18456045309037172,0.02540937323546019,-0.016167148010114204,0.05373098999940825
frozenset({'yogurt'}),frozenset({'sausage'}),0.06431192000575499,0.045248543270268324,0.003237177181497734,0.05033557046979865,1.1124241098579826,1.0,0.000327156486323294,1.0053566576164665,0.10800850823915313,0.030446549391069007,0.005328116719459842,0.060938850417729215
frozenset({'pastry'}),frozenset({'whole milk'}),0.03978131069707215,0.11804906121861737,0.0031652399107977842,0.07956600361663653,0.6740079319164317,1.0,-0.0015309064710377243,0.9581903126642527,-0.33497369049789333,0.020465116279069766,-0.043634011723094265,0.05318946128424758
frozenset({'domestic eggs'}),frozenset({'whole milk'}),0.02834328465578016,0.11804906121861737,0.0030933026400978346,0.10913705583756345,0.9245059190724981,1.0,-0.0002525955053690556,0.9899962104839453,-0.07752552365583884,0.021586345381526102,-0.01010487657439075,0.06767029513389446
frozenset({'frankfurter'}),frozenset({'other vegetables'}),0.028846845550679807,0.09279907920293504,0.0030933026400978346,0.10723192019950124,1.155527847049044,1.0,0.000416341935085465,1.0161663945240866,0.1385925925925926,0.026092233009708737,0.015909200118409867,0.07028262676641729
frozenset({'pip fruit'}),frozenset({'rolls/buns'}),0.036472196244874466,0.08351917128264154,0.0030933026400978346,0.08481262327416174,1.015486887281759,1.0,4.717503486804855e-05,1.0014133193097,0.015827982678811452,0.02646153846153846,0.001411324657309443,0.06092483015559939
frozenset({'tropical fruit'}),frozenset({'other vegetables'}),0.04841378318106611,0.09279907920293504,0.0030933026400978346,0.0638930163447251,0.6885091629519564,1.0,-0.0013994518598356436,0.9691209836451186,-0.3222319003945278,0.02239583333333333,-0.03186291172722038,0.048613174839029216
frozenset({'root vegetables'}),frozenset({'other vegetables'}),0.05157902309186389,0.09279907920293504,0.0030933026400978346,0.0599721059972106,0.6462575546257554,1.0,-0.0016931832090140582,0.9650787243493999,-0.3659404607319771,0.02189409368635438,-0.036184898464259416,0.046652719665271965
frozenset({'canned beer'}),frozenset({'whole milk'}),0.034529889935975826,0.11804906121861737,0.003021365369397885,0.08750000000000001,0.7412172455819622,1.0,-0.001054855721526245,0.9665215767467207,-0.26558005003126944,0.0202020202020202,-0.034638050570962475,0.056547074954296166
frozenset({'sausage'}),frozenset({'rolls/buns'}),0.045248543270268324,0.08351917128264154,0.003021365369397885,0.06677265500794913,0.7994889554397079,1.0,-0.0007577554662816723,0.9820552662065051,-0.20803692827032996,0.024027459954233405,-0.01827263129784138,0.05147418280113218
frozenset({'citrus fruit'}),frozenset({'other vegetables'}),0.03978131069707215,0.09279907920293504,0.0029494280986979353,0.07414104882459313,0.7989416431865652,1.0,-0.0007422409034762299,0.9798478695327675,-0.2076583509121944,0.022752497225305215,-0.020566591094229706,0.05296199728051362
frozenset({'tropical fruit'}),frozenset({'rolls/buns'}),0.04841378318106611,0.08351917128264154,0.0029494280986979353,0.06092124814264487,0.7294283121713233,1.0,-0.0010940509512421949,0.9759360723525036,-0.28047654425811924,0.02286670384829894,-0.024657278616098403,0.04811781614711916
frozenset({'shopping bags'}),frozenset({'soda'}),0.03532119991367527,0.07409538882094813,0.0028774908279979856,0.0814663951120163,1.0994799596622704,1.0,0.0002603527867717768,1.0080247540774157,0.09379194630872491,0.027008777852802163,0.007960870052998106,0.060150673284163486
frozenset({'sausage'}),frozenset({'other vegetables'}),0.045248543270268324,0.09279907920293504,0.0028774908279979856,0.06359300476947535,0.6852762475197496,1.0,-0.0013215323227570778,0.9688104909700405,-0.32479491255961845,0.0212879191059074,-0.03219361198156554,0.047300378353729924
frozenset({'butter'}),frozenset({'whole milk'}),0.027120351053881015,0.11804906121861737,0.002805553557298036,0.10344827586206896,0.876315955367837,1.0,-0.00039597842453195815,0.9837145086407729,-0.1266950794265789,0.019706922688226373,-0.016555099285593754,0.06360713610288092
frozenset({'shopping bags'}),frozenset({'rolls/buns'}),0.03532119991367527,0.08351917128264154,0.002805553557298036,0.07942973523421588,0.9510359599404263,1.0,-0.00014444378820063254,0.9955577143810244,-0.05066599867126999,0.024178549287042776,-0.0044621075752876785,0.056510733250182875
frozenset({'citrus fruit'}),frozenset({'rolls/buns'}),0.03978131069707215,0.08351917128264154,0.002805553557298036,0.0705244122965642,0.8444098667825486,1.0,-0.0005169485446587128,0.986019257355446,-0.16099834640415422,0.023283582089552238,-0.014178975248466334,0.05205807178135703
frozenset({'bottled water'}),frozenset({'soda'}),0.047118912308467015,0.07409538882094813,0.002805553557298036,0.059541984732824425,0.8035855628844586,1.0,-0.0006857405710179862,0.984525195328375,-0.2041441677386555,0.023693803159173753,-0.01571803824326063,0.04870303120136367
frozenset({'newspapers'}),frozenset({'whole milk'}),0.029134594633479605,0.11804906121861737,0.0027336162865980863,0.09382716049382715,0.7948149652801287,1.0,-0.0007056952588691489,0.9732701095543868,-0.2100490592484771,0.01892430278884462,-0.027464000161118173,0.058491886157943436
frozenset({'shopping bags'}),frozenset({'other vegetables'}),0.03532119991367527,0.09279907920293504,0.0027336162865980863,0.07739307535641549,0.833985380255451,1.0,-0.0005441585417337675,0.9833016602899755,-0.17105340213296197,0.02180149168100975,-0.016981909402146403,0.05342521984875038
frozenset({'pork'}),frozenset({'whole milk'}),0.027336162865980864,0.11804906121861737,0.0026616790158981367,0.09736842105263158,0.824813175534815,1.0,-0.0005653293477501332,0.9770885036061965,-0.1792279170494816,0.018649193548387098,-0.02344874216536448,0.05995782417652907
frozenset({'fruit/vegetable juice'}),frozenset({'whole milk'}),0.02596935472268182,0.11804906121861737,0.002589741745198187,0.09972299168975068,0.8447588711025132,1.0,-0.0004759162002676695,0.9796439658463972,-0.15872317291014068,0.018311291963377416,-0.02077901244052005,0.06083041723427205
frozenset({'citrus fruit'}),frozenset({'yogurt'}),0.03978131069707215,0.06431192000575499,0.002589741745198187,0.0650994575045208,1.0122455914657087,1.0,3.132927392399771e-05,1.0008423756998404,0.012598641494356124,0.025513819985825654,0.0008416667002647453,0.052683956940179855
frozenset({'bottled water'}),frozenset({'other vegetables'}),0.047118912308467015,0.09279907920293504,0.002589741745198187,0.0549618320610687,0.5922669980472217,1.0,-0.001782849930071394,0.9599622021358281,-0.41943825559735565,0.01885804085908853,-0.04170768158901625,0.04143440440262737
frozenset({'brown bread'}),frozenset({'whole milk'}),0.029566218257679303,0.11804906121861737,0.0025178044744982374,0.0851581508515815,0.7213793144349996,1.0,-0.0009724598346055493,0.9640474357424156,-0.28469274284692747,0.01735250371839365,-0.03729335603688137,0.05324330455437089
frozenset({'whipped/sour cream'}),frozenset({'whole milk'}),0.03345083087547658,0.11804906121861737,0.0025178044744982374,0.07526881720430108,0.6376062327586771,1.0,-0.0014310347073345137,0.9537376431007976,-0.37029151434807644,0.016900048285852242,-0.04850637618621621,0.048298637730730676
frozenset({'bottled beer'}),frozenset({'other vegetables'}),0.03510538810157542,0.09279907920293504,0.0025178044744982374,0.07172131147540983,0.7728666285423815,1.0,-0.0007399432163896335,0.9772937071721141,-0.23346776827117752,0.02008032128514056,-0.02323384736978256,0.04942654721057313
frozenset({'pip fruit'}),frozenset({'other vegetables'}),0.036472196244874466,0.09279907920293504,0.0025178044744982374,0.06903353057199212,0.7439031848691957,1.0,-0.0008667817535348578,0.9744721755171863,-0.2632389573854482,0.019863791146424517,-0.026196565817043656,0.04808265675886428
frozenset({'beef'}),frozenset({'whole milk'}),0.02640097834688152,0.11804906121861737,0.0024458672037982877,0.09264305177111716,0.7847843160696524,1.0,-0.0006707435053041203,0.9719999835818842,-0.21976909603590564,0.017223910840932114,-0.028806601739779808,0.05668106275332214
frozenset({'pip fruit'}),frozenset({'soda'}),0.036472196244874466,0.07409538882094813,0.0024458672037982877,0.0670611439842209,0.9050650121598591,1.0,-0.0002565543581196099,0.9924601223420281,-0.09817574043709337,0.02262142381902861,-0.007597159309715262,0.050035426361042495
frozenset({'pork'}),frozenset({'other vegetables'}),0.027336162865980864,0.09279907920293504,0.002373929933098338,0.08684210526315789,0.9358078335373317,1.0,-0.00016284080980615186,0.9934765126884284,-0.06587740233638995,0.02015882712278558,-0.006566322633957827,0.05621175030599755
frozenset({'curd'}),frozenset({'whole milk'}),0.02604129199338177,0.11804906121861737,0.0023019926623983884,0.08839779005524862,0.7488224738318165,1.0,-0.0007721574103402265,0.9674734540571531,-0.2561729772790485,0.016235413495687467,-0.03362009139004805,0.053949047373754715
frozenset({'domestic eggs'}),frozenset({'other vegetables'}),0.02834328465578016,0.09279907920293504,0.0023019926623983884,0.08121827411167512,0.8752056034313147,1.0,-0.00032823805524468796,0.9873954773316121,-0.12796881683116385,0.019370460048426148,-0.012765424754072167,0.05301223783103136
frozenset({'newspapers'}),frozenset({'other vegetables'}),0.029134594633479605,0.09279907920293504,0.0023019926623983884,0.07901234567901234,0.8514345870418222,1.0,-0.0004016708925392914,0.9850304904096818,-0.15234450136410915,0.019242333132892364,-0.015197001246217536,0.05190927361469997
frozenset({'bottled beer'}),frozenset({'rolls/buns'}),0.03510538810157542,0.08351917128264154,0.0023019926623983884,0.06557377049180328,0.785134352804959,1.0,-0.0006299802594006954,0.9807952728378748,-0.22095572754069315,0.019789734075448363,-0.019580770517538666,0.046568108329450304
frozenset({'frozen vegetables'}),frozenset({'whole milk'}),0.02165311848068484,0.11804906121861737,0.002158118120998489,0.09966777408637874,0.8442911197896105,1.0,-0.00039801218810185104,0.9795838840339343,-0.1586084869182181,0.015690376569037653,-0.02084162091559945,0.058974654867686625
frozenset({'curd'}),frozenset({'other vegetables'}),0.02604129199338177,0.09279907920293504,0.002158118120998489,0.08287292817679558,0.8930361043299498,1.0,-0.0002584897972421037,0.9891769076160768,-0.10951065509076556,0.01849568434032059,-0.010941513394208598,0.053064371065141974
frozenset({'brown bread'}),frozenset({'rolls/buns'}),0.029566218257679303,0.08351917128264154,0.002158118120998489,0.072992700729927,0.8739634219179288,1.0,-0.00031122792584459226,0.9886446734982529,-0.1293797233892881,0.019455252918287935,-0.011485750953946999,0.04941624700579037
frozenset({'canned beer'}),frozenset({'yogurt'}),0.034529889935975826,0.06431192000575499,0.002158118120998489,0.0625,0.971826062639821,1.0,-6.256539837151253e-05,0.9980672853271947,-0.029152199074074223,0.02232142857142857,-0.0019364572922272694,0.04802852348993288
frozenset({'butter'}),frozenset({'soda'}),0.027120351053881015,0.07409538882094813,0.0020861808502985395,0.07692307692307691,1.0381628080657206,1.0,7.668789400061549e-05,1.003063328777306,0.03778467908902699,0.02104499274310595,0.0030539734525438784,0.05253920836445108
frozenset({'whipped/sour cream'}),frozenset({'soda'}),0.03345083087547658,0.07409538882094813,0.0020861808502985395,0.06236559139784946,0.8416932873995198,1.0,-0.00039237146980367456,0.9874900096290347,-0.16289302095753705,0.019781718963165072,-0.012668472844261874,0.04526046560183735
frozenset({'whipped/sour cream'}),frozenset({'other vegetables'}),0.03345083087547658,0.09279907920293504,0.0020861808502985395,0.06236559139784946,0.6720496790864383,1.0,-0.0010180254535187964,0.9675422664464111,-0.33549239807969433,0.0168018539976825,-0.03354657949238717,0.042423105776444106
frozenset({'pastry'}),frozenset({'rolls/buns'}),0.03978131069707215,0.08351917128264154,0.0020861808502985395,0.05244122965641953,0.6278945163254848,1.0,-0.0012363212516582093,0.9672020959555329,-0.3816382213304877,0.0172106824925816,-0.03391008371633533,0.03870984824767574
frozenset({'chicken'}),frozenset({'whole milk'}),0.020933745773685345,0.11804906121861737,0.0020142435795985902,0.09621993127147768,0.8150842563100617,1.0,-0.0004569654567741638,0.9758468562181838,-0.18812568840371288,0.014705882352941176,-0.024750957210048028,0.056641348938602946
frozenset({'coffee'}),frozenset({'whole milk'}),0.025609668369182072,0.11804906121861737,0.0020142435795985902,0.07865168539325844,0.6662626926579437,1.0,-0.0010089537295034732,0.9572394335554031,-0.3395306393975912,0.014220416455053328,-0.04467071136609417,0.047857225999493325
frozenset({'butter'}),frozenset({'other vegetables'}),0.027120351053881015,0.09279907920293504,0.0020142435795985902,0.07427055702917773,0.8003372195834106,1.0,-0.0005025000258619167,0.9799849488266289,-0.20409269947496061,0.017083587553386213,-0.020423835281690613,0.04798799169288344
frozenset({'canned beer'}),frozenset({'other vegetables'}),0.034529889935975826,0.09279907920293504,0.0020142435795985902,0.05833333333333335,0.6285981912144705,1.0,-0.0011900984114386597,0.9633992079260867,-0.3796421024828313,0.016073478760045928,-0.03799130388813996,0.04001937984496125
frozenset({'bottled beer'}),frozenset({'yogurt'}),0.03510538810157542,0.06431192000575499,0.0020142435795985902,0.05737704918032788,0.8921681886529504,1.0,-0.00024345133176091127,0.9926430066025903,-0.1113182902358686,0.020679468242245203,-0.007411519900381508,0.04434847984743463
frozenset({'pastry'}),frozenset({'soda'}),0.03978131069707215,0.07409538882094813,0.0020142435795985902,0.05063291139240507,0.6833476711318669,1.0,-0.0009333681043079138,0.9752861904419347,-0.3255008969402965,0.018006430868167205,-0.02534005894912416,0.03890868870591128
frozenset({'citrus fruit'}),frozenset({'soda'}),0.03978131069707215,0.07409538882094813,0.0020142435795985902,0.05063291139240507,0.6833476711318669,1.0,-0.0009333681043079138,0.9752861904419347,-0.3255008969402965,0.018006430868167205,-0.02534005894912416,0.03890868870591128
frozenset({'chicken'}),frozenset({'rolls/buns'}),0.020933745773685345,0.08351917128264154,0.0019423063088986404,0.09278350515463918,1.110924638376089,1.0,0.0001939372100389406,1.010211822563452,0.10198383541513595,0.01894736842105263,0.010108595381054882,0.058019659554063775
frozenset({'margarine'}),frozenset({'other vegetables'}),0.025034170203582475,0.09279907920293504,0.0019423063088986404,0.07758620689655173,0.8360665597433842,1.0,-0.000380841634603366,0.9835075403033601,-0.16743795560651967,0.01675977653631285,-0.016769022118074253,0.049258219727345634
frozenset({'bottled beer'}),frozenset({'sausage'}),0.03510538810157542,0.045248543270268324,0.0019423063088986404,0.05532786885245902,1.222754697802914,1.0,0.00035383863636494206,1.0106696548462235,0.18880246085196514,0.024770642201834864,0.01055701513848952,0.04912657353592745
frozenset({'ham'}),frozenset({'whole milk'}),0.013452269620890583,0.11804906121861737,0.0018703690381986907,0.13903743315508021,1.177793636982797,1.0,0.00028234123819283153,1.0243777984603637,0.15301320380072017,0.014428412874583792,0.02379766380821941,0.07744071535877106
frozenset({'white bread'}),frozenset({'whole milk'}),0.01776850586288756,0.11804906121861737,0.0018703690381986907,0.10526315789473685,0.8916899194970974,1.0,-0.0002271863981726846,0.9857098727556629,-0.11005377220140132,0.01396348012889366,-0.014497295440886062,0.06055357772859938
frozenset({'cream cheese '}),frozenset({'whole milk'}),0.018272066757787208,0.11804906121861737,0.0018703690381986907,0.10236220472440946,0.8671157878574137,1.0,-0.00028663128908199497,0.9825242914494351,-0.1350235245362132,0.013911182450508291,-0.017786540956442425,0.059103101143435685
frozenset({'margarine'}),frozenset({'soda'}),0.025034170203582475,0.07409538882094813,0.0018703690381986907,0.07471264367816093,1.0083305434661312,1.0,1.5452463154453158e-05,1.0006670953115218,0.008473854780945608,0.019230769230769232,0.0006666505920375347,0.049977681062381436
frozenset({'domestic eggs'}),frozenset({'rolls/buns'}),0.02834328465578016,0.08351917128264154,0.0018703690381986907,0.06598984771573604,0.7901161697643814,1.0,-0.0004968386076800782,0.9812321916158675,-0.21469174176524525,0.017004578155657292,-0.019126776052084245,0.044192167613251315
frozenset({'frankfurter'}),frozenset({'soda'}),0.028846845550679807,0.07409538882094813,0.0018703690381986907,0.06483790523690773,0.875059923008014,1.0,-0.00026704919913676686,0.9901006642207995,-0.12817557699377038,0.018505338078291817,-0.009998312431182158,0.04504031184175484
frozenset({'frankfurter'}),frozenset({'rolls/buns'}),0.028846845550679807,0.08351917128264154,0.0018703690381986907,0.06483790523690773,0.7763236181724844,1.0,-0.0005388955963124421,0.9800234995084286,-0.2288002460808332,0.016927083333333332,-0.0203836953926017,0.04361619637383715
frozenset({'brown bread'}),frozenset({'soda'}),0.029566218257679303,0.07409538882094813,0.0018703690381986907,0.06326034063260341,0.8537689273143885,1.0,-0.0003203513995690729,0.9884332342716632,-0.15001793313364548,0.01837455830388693,-0.011702121425388849,0.04425152953960268
frozenset({'margarine'}),frozenset({'rolls/buns'}),0.025034170203582475,0.08351917128264154,0.001798431767498741,0.07183908045977011,0.8601507816289959,1.0,-0.0002924013816530647,0.9874158773796928,-0.14292688602881648,0.016846361185983826,-0.012744500983417246,0.04668612076390745
frozenset({'fruit/vegetable juice'}),frozenset({'rolls/buns'}),0.02596935472268182,0.08351917128264154,0.001798431767498741,0.06925207756232687,0.829175822733769,1.0,-0.00037050721768459795,0.9846713665683524,-0.17458351215325196,0.0167000668002672,-0.015567258226538,0.04539261931518583
frozenset({'newspapers'}),frozenset({'yogurt'}),0.029134594633479605,0.06431192000575499,0.001798431767498741,0.06172839506172839,0.9598282100146379,1.0,-7.526995196969794e-05,0.9972465063096558,-0.041327480146045675,0.01962323390894819,-0.0027610963517270487,0.0448463004391416
frozenset({'canned beer'}),frozenset({'rolls/buns'}),0.034529889935975826,0.08351917128264154,0.001798431767498741,0.052083333333333336,0.6236093166810222,1.0,-0.001085476024434784,0.9668369182073233,-0.3846739289906102,0.01547029702970297,-0.034300595238095234,0.036808247200689065
frozenset({'frozen vegetables'}),frozenset({'other vegetables'}),0.02165311848068484,0.09279907920293504,0.0017264944967987914,0.079734219269103,0.8592134744649619,1.0,-0.0002828949600808177,0.985803166642298,-0.1434554644077404,0.015315890236119975,-0.014401286015399188,0.04916943521594685
frozenset({'margarine'}),frozenset({'whole milk'}),0.025034170203582475,0.11804906121861737,0.0017264944967987914,0.06896551724137931,0.5842106369118913,1.0,-0.0012287657941212032,0.947280637950374,-0.42196063378329396,0.012213740458015267,-0.05565337233503966,0.04179537288028746
frozenset({'coffee'}),frozenset({'soda'}),0.025609668369182072,0.07409538882094813,0.0017264944967987914,0.06741573033707865,0.9098505508890586,1.0,-0.00017106383859129075,0.9928374746377785,-0.09230013179350852,0.01762114537444934,-0.007214197232869987,0.04535835060543253
frozenset({'pork'}),frozenset({'soda'}),0.027336162865980864,0.07409538882094813,0.0017264944967987914,0.06315789473684211,0.8523863055697497,1.0,-0.00029898911962882436,0.9883251467641565,-0.15113529350214494,0.017316017316017316,-0.011812765539830454,0.04322943280531426
frozenset({'newspapers'}),frozenset({'rolls/buns'}),0.029134594633479605,0.08351917128264154,0.0017264944967987914,0.05925925925925926,0.7095288225348518,1.0,-0.0007068027026451206,0.974211904542074,-0.2966024951952832,0.01556420233463035,-0.02647072504215361,0.039965546942291125
frozenset({'brown bread'}),frozenset({'other vegetables'}),0.029566218257679303,0.09279907920293504,0.0017264944967987914,0.058394160583941604,0.6292536637809087,1.0,-0.001017223333026854,0.963461443017038,-0.3777747027824863,0.014311270125223614,-0.0379242545176931,0.03849940587336615
frozenset({'whipped/sour cream'}),frozenset({'yogurt'}),0.03345083087547658,0.06431192000575499,0.0017264944967987914,0.05161290322580646,0.8025402323735297,1.0,-0.0004247926625908975,0.9866098802660407,-0.20290693362995924,0.01797752808988764,-0.013571848409169257,0.03922927040484954
frozenset({'chocolate'}),frozenset({'whole milk'}),0.01812819221638731,0.11804906121861737,0.0016545572260988418,0.09126984126984128,0.7731517754369674,1.0,-0.0004854588466363266,0.9705311640738359,-0.23007289030156766,0.01229946524064171,-0.030363616354644084,0.05264284263370187
frozenset({'butter'}),frozenset({'rolls/buns'}),0.027120351053881015,0.08351917128264154,0.0016545572260988418,0.0610079575596817,0.7304665099372397,1.0,-0.0006105120188156148,0.9760261932950399,-0.2749810034823064,0.01518151815181518,-0.02456266734402392,0.040409232871141454
frozenset({'pork'}),frozenset({'rolls/buns'}),0.027336162865980864,0.08351917128264154,0.0016545572260988418,0.060526315789473685,0.7246996690693142,1.0,-0.000628536442515199,0.9755258120801015,-0.2808643973730459,0.01515151515151515,-0.0250882012724118,0.04016841198603745
frozenset({'UHT-milk'}),frozenset({'whole milk'}),0.015034889576289475,0.11804906121861737,0.0015826199553988921,0.10526315789473684,0.8916899194970973,1.0,-0.00019223464460765643,0.9857098727556629,-0.1097818666493288,0.012035010940919036,-0.014497295440886078,0.05933480868533307
frozenset({'waffles'}),frozenset({'whole milk'}),0.013740018703690382,0.11804906121861737,0.0015106826846989425,0.1099476439790576,0.9313724551815232,1.0,-0.00011131362439795113,0.990897819454377,-0.06951716114019786,0.011595803423522915,-0.009185791276274096,0.06137235946667688
frozenset({'white bread'}),frozenset({'other vegetables'}),0.01776850586288756,0.09279907920293504,0.0015106826846989425,0.08502024291497977,0.91617550136522,1.0,-0.00013821829818897575,0.9914983514905975,-0.08521166527885439,0.013852242744063324,-0.008574546288071222,0.05064965634121081
frozenset({'frozen vegetables'}),frozenset({'rolls/buns'}),0.02165311848068484,0.08351917128264154,0.0015106826846989425,0.06976744186046512,0.8353464335076016,1.0,-0.00029776782649270565,0.9852168908711604,-0.1676866585067319,0.014573213046495488,-0.015004928626191088,0.04392764857881137
frozenset({'curd'}),frozenset({'soda'}),0.02604129199338177,0.07409538882094813,0.0015106826846989425,0.058011049723756904,0.7829238856407231,1.0,-0.0004188569709505231,0.982925129756061,-0.22159405132810225,0.015317286652078774,-0.017371486115302245,0.039199699619160006
frozenset({'onions'}),frozenset({'whole milk'}),0.015682325012589024,0.11804906121861737,0.0014387454139989928,0.09174311926605504,0.7771609390112316,1.0,-0.0004125383314623834,0.9710368921936435,-0.22558846334519997,0.01087547580206634,-0.02982699013724054,0.05196540484935902
frozenset({'berries'}),frozenset({'whole milk'}),0.01661750953168837,0.11804906121861737,0.0014387454139989928,0.08658008658008656,0.7334246091101665,1.0,-0.0005229359860082453,0.9655481841635042,-0.2698644148366544,0.010799136069114468,-0.035681094327097616,0.04938388850637478
frozenset({'hamburger meat'}),frozenset({'whole milk'}),0.016689446802388316,0.11804906121861737,0.0014387454139989928,0.08620689655172414,0.7302632961398643,1.0,-0.0005314281132810033,0.9651538575343434,-0.27306473228530703,0.010793308148947653,-0.0361042358103167,0.049197293492193574
frozenset({'chocolate'}),frozenset({'rolls/buns'}),0.01812819221638731,0.08351917128264154,0.0014387454139989928,0.07936507936507937,0.9502618158948909,1.0,-7.530617676610785e-05,0.9954877967102342,-0.05061001905874815,0.014357501794687724,-0.004532655553063708,0.048295804109757604
frozenset({'coffee'}),frozenset({'rolls/buns'}),0.025609668369182072,0.08351917128264154,0.0014387454139989928,0.056179775280898875,0.6726572404649227,1.0,-0.0007001528650183717,0.9710332589981536,-0.3330805817881022,0.01336005344021376,-0.029830843313989386,0.036703152067667354
frozenset({'curd'}),frozenset({'tropical fruit'}),0.02604129199338177,0.04841378318106611,0.0014387454139989928,0.055248618784530384,1.1411754082076626,1.0,0.0001779879496765749,1.0072345335919708,0.12701824359258437,0.019704433497536946,0.007182571040501732,0.042483150402666384
frozenset({'curd'}),frozenset({'rolls/buns'}),0.02604129199338177,0.08351917128264154,0.0014387454139989928,0.055248618784530384,0.6615082254295924,1.0,-0.0007362017124175411,0.9700761988177887,-0.3444250221527109,0.01330671989354624,-0.03084685637961092,0.03623757381948311
frozenset({'domestic eggs'}),frozenset({'sausage'}),0.02834328465578016,0.045248543270268324,0.0014387454139989928,0.050761421319796954,1.121835481345783,1.0,0.00015625307183039197,1.0058076843623378,0.11177167394684234,0.019940179461615155,0.005774149922129105,0.041278961852267315
frozenset({'oil'}),frozenset({'whole milk'}),0.011006402417092295,0.11804906121861737,0.0013668081432990432,0.12418300653594772,1.051960983458994,1.0,6.751267056697655e-05,1.0070036838324743,0.04994410670260161,0.010704225352112675,0.006954973397733207,0.06788065622348878
frozenset({'coffee'}),frozenset({'yogurt'}),0.025609668369182072,0.06431192000575499,0.0013668081432990432,0.05337078651685393,0.8298739411306336,1.0,-0.000280198800233708,0.9884420073529709,-0.1738202247191012,0.015434606011372864,-0.01169314189507293,0.03731179146871779
frozenset({'butter'}),frozenset({'bottled water'}),0.027120351053881015,0.047118912308467015,0.0013668081432990432,0.05039787798408488,1.0695891631400976,1.0,8.892670021638273e-05,1.0034529889935977,0.0668752626908888,0.018756169792694965,0.0034411068893827495,0.039702755785935566
frozenset({'long life bakery product'}),frozenset({'whole milk'}),0.012732896913891087,0.11804906121861737,0.0012948708725990935,0.10169491525423728,0.8614631425649923,1.0,-0.00020823565467917955,0.9817944412849353,-0.1400733105673737,0.009999999999999998,-0.018543147067768974,0.056331918321817
frozenset({'sugar'}),frozenset({'whole milk'}),0.013236457808790734,0.11804906121861737,0.0012948708725990935,0.09782608695652173,0.8286900882282806,1.0,-0.0002676805455884897,0.9775841731070747,-0.17320983685606364,0.00996126175982291,-0.022929817717568638,0.054397504172959216
frozenset({'dessert'}),frozenset({'whole milk'}),0.01755269405078771,0.11804906121861737,0.0012948708725990935,0.07377049180327869,0.6249138370246051,1.0,-0.000777208181954006,0.9521948188613157,-0.37924608345201666,0.009641135511515799,-0.05020525231995294,0.042369706596337695
frozenset({'napkins'}),frozenset({'other vegetables'}),0.01784044313358751,0.09279907920293504,0.0012948708725990935,0.07258064516129033,0.7821267816954239,1.0,-0.00036070582277015237,0.9781992537290092,-0.22095632988435784,0.011842105263157895,-0.022286611023146705,0.043267066766691675
frozenset({'napkins'}),frozenset({'whole milk'}),0.01784044313358751,0.11804906121861737,0.0012948708725990935,0.07258064516129033,0.6148345815887244,1.0,-0.0008111766910450402,0.9509731861642735,-0.38943712360622496,0.009620523784072688,-0.05155435983792033,0.04177478327534352
frozenset({'coffee'}),frozenset({'other vegetables'}),0.025609668369182072,0.09279907920293504,0.0012948708725990935,0.05056179775280899,0.5448523647765874,1.0,-0.0010816827707535337,0.955513395869098,-0.4615884036463854,0.011056511056511056,-0.04655780266736993,0.032257643062451005
frozenset({'candy'}),frozenset({'whole milk'}),0.010215092439392849,0.11804906121861737,0.0012229336018991439,0.11971830985915492,1.0141402957660648,1.0,1.7051529167422036e-05,1.0018962664556506,0.014087036079058394,0.009626274065685163,0.0018926774349194541,0.06503892336345923
frozenset({'beverages'}),frozenset({'whole milk'}),0.012373210560391338,0.11804906121861737,0.0012229336018991439,0.09883720930232558,0.8372553604580303,1.0,-0.00023771228901533614,0.978681041744502,-0.16444824722190401,0.009465478841870824,-0.021783356728252223,0.05459837308504457
frozenset({'salty snack'}),frozenset({'rolls/buns'}),0.013308395079490684,0.08351917128264154,0.0012229336018991439,0.09189189189189188,1.1002490862955978,1.0,0.00011142747375809752,1.0092199601947103,0.09234384917571567,0.012791572610985702,0.009135729135729125,0.05326722070908117
frozenset({'UHT-milk'}),frozenset({'other vegetables'}),0.015034889576289475,0.09279907920293504,0.0012229336018991439,0.08133971291866028,0.8765142242498424,1.0,-0.00017229030669832566,0.9875260023259717,-0.12513483952686838,0.01147098515519568,-0.012631563771128647,0.04725900374615184
frozenset({'frozen vegetables'}),frozenset({'sausage'}),0.02165311848068484,0.045248543270268324,0.0012229336018991439,0.05647840531561462,1.2481817365538297,1.0,0.0002431615333896291,1.0119020720973566,0.2032352941176471,0.018619934282584884,0.011762078985259106,0.04175271617132082
frozenset({'frozen vegetables'}),frozenset({'soda'}),0.02165311848068484,0.07409538882094813,0.0012229336018991439,0.05647840531561462,0.7622391381479212,1.0,-0.0003814626311132571,0.9813284787496289,-0.2417509256738807,0.01293759512937595,-0.01902678018084384,0.03649162984227333
frozenset({'processed cheese'}),frozenset({'rolls/buns'}),0.00820084885979426,0.08351917128264154,0.0011509963311991942,0.14035087719298242,1.680463000740438,1.0,0.0004660682306149818,1.0661103517732538,0.40827409878871385,0.012708498808578236,0.062010796221322495,0.07706605013826553
frozenset({'grapes'}),frozenset({'soda'}),0.010502841522192647,0.07409538882094813,0.0011509963311991942,0.1095890410958904,1.4790264662854102,1.0,0.00037278420488753134,1.0398621017857044,0.32731733914940025,0.013793103448275862,0.038334026903424176,0.06256151083920734
frozenset({'meat'}),frozenset({'other vegetables'}),0.013236457808790734,0.09279907920293504,0.0011509963311991942,0.08695652173913043,0.9370407819346142,1.0,-7.733476536508498e-05,0.9936010084920235,-0.06374991468159164,0.010973936899862825,-0.00644020230785408,0.049679811257162115
frozenset({'salty snack'}),frozenset({'whole milk'}),0.013308395079490684,0.11804906121861737,0.0011509963311991942,0.08648648648648648,0.7326317176408583,1.0,-0.00042004721426114767,0.9654492525121644,-0.27000083160083166,0.00883977900552486,-0.03578722278559148,0.04811831941630844
frozenset({'waffles'}),frozenset({'rolls/buns'}),0.013740018703690382,0.08351917128264154,0.0011509963311991942,0.0837696335078534,1.0029988590806804,1.0,3.441355658978908e-06,1.0002733616286599,0.0030315463165572123,0.011976047904191616,0.00027328692250157066,0.04877542829570103
frozenset({'hamburger meat'}),frozenset({'soda'}),0.016689446802388316,0.07409538882094813,0.0011509963311991942,0.06896551724137931,0.930766655507198,1.0,-8.56147188302975e-05,0.9944901379330557,-0.07032578385363525,0.012841091492776886,-0.005540388845279009,0.04224974891195179
frozenset({'napkins'}),frozenset({'pastry'}),0.01784044313358751,0.03978131069707215,0.0011509963311991942,0.06451612903225806,1.6217698185848453,1.0,0.000441280119928502,1.0264406678755436,0.39035376840254893,0.02038216560509554,0.025759567701334984,0.04672461062824476
frozenset({'frozen vegetables'}),frozenset({'root vegetables'}),0.02165311848068484,0.05157902309186389,0.0011509963311991942,0.053156146179401995,1.030576831296886,1.0,3.414963307308595e-05,1.001665663331049,0.030326286764705897,0.015968063872255488,0.0016628935103054573,0.03773567420546111
frozenset({'grapes'}),frozenset({'whole milk'}),0.010502841522192647,0.11804906121861737,0.0010790590604992446,0.10273972602739725,0.8703137912899751,1.0,-0.00016079152132351168,0.9829376874968081,-0.13088257594904718,0.008465011286681715,-0.017358488457842644,0.055940246925947255
frozenset({'hard cheese'}),frozenset({'rolls/buns'}),0.010646716063592547,0.08351917128264154,0.0010790590604992446,0.10135135135135134,1.2135100216495565,1.0,0.00018985415798640753,1.0198433281967598,0.1778375627135897,0.011591962905718699,0.019457231957231945,0.05713562399608911
frozenset({'specialty bar'}),frozenset({'whole milk'}),0.010718653334292496,0.11804906121861737,0.0010790590604992446,0.10067114093959731,0.8527906948210494,1.0,-0.00018626790314178764,0.9806767901375075,-0.14856732459942062,0.008450704225352112,-0.01970395349091826,0.05490595438204728
frozenset({'frozen meals'}),frozenset({'soda'}),0.013308395079490684,0.07409538882094813,0.0010790590604992446,0.08108108108108107,1.0942797166098137,1.0,9.296835250158946e-05,1.0076020768713212,0.08731894624283075,0.012499999999999999,0.007544721319874762,0.04782209393859879
frozenset({'ham'}),frozenset({'other vegetables'}),0.013452269620890583,0.09279907920293504,0.0010790590604992446,0.0802139037433155,0.8643825394851385,1.0,-0.00016929917350901763,0.986317280168902,-0.13721296005033037,0.010259917920656635,-0.013872533824769743,0.04592090536002984
frozenset({'berries'}),frozenset({'other vegetables'}),0.01661750953168837,0.09279907920293504,0.0010790590604992446,0.06493506493506493,0.6997382462498741,1.0,-0.0004630305226874323,0.9702009847413056,-0.3037942449707156,0.0099601593625498,-0.03071427026704166,0.038281485955904554
frozenset({'hamburger meat'}),frozenset({'rolls/buns'}),0.016689446802388316,0.08351917128264154,0.0010790590604992446,0.06465517241379311,0.7741357034660964,1.0,-0.0003148297056019592,0.9798320380757013,-0.22882063549377135,0.010885341074020317,-0.020583080712391053,0.03878753452730999
frozenset({'hamburger meat'}),frozenset({'other vegetables'}),0.016689446802388316,0.09279907920293504,0.0010790590604992446,0.06465517241379311,0.6967221331194868,1.0,-0.00046970623516875954,0.9699106618659865,-0.30684584178498975,0.0099535500995355,-0.031022793456178095,0.03814153969526865
frozenset({'white bread'}),frozenset({'rolls/buns'}),0.01776850586288756,0.08351917128264154,0.0010790590604992446,0.06072874493927125,0.7271234137819205,1.0,-0.00040495182409988205,0.9757360547120153,-0.2764482692837612,0.010768126346015792,-0.024867324693814,0.03682432079004906
frozenset({'napkins'}),frozenset({'soda'}),0.01784044313358751,0.07409538882094813,0.0010790590604992446,0.06048387096774194,0.816297369245224,1.0,-0.00024283551022193615,0.9855122041734115,-0.1864174479580485,0.01187648456057007,-0.014700777692286476,0.03752348888192922
frozenset({'chicken'}),frozenset({'other vegetables'}),0.020933745773685345,0.09279907920293504,0.0010790590604992446,0.05154639175257732,0.5554623191880445,1.0,-0.0008635732715670883,0.9565053186664707,-0.44976753588033147,0.009578544061302681,-0.045472492922640766,0.031587149364660755
frozenset({'herbs'}),frozenset({'whole milk'}),0.008056974318394361,0.11804906121861737,0.0010071217897992951,0.125,1.0588817794028031,1.0,5.600353525033125e-05,1.007943930035866,0.05605917760533756,0.008050603795284647,0.007881321370309944,0.06676569165143205
frozenset({'grapes'}),frozenset({'other vegetables'}),0.010502841522192647,0.09279907920293504,0.0010071217897992951,0.09589041095890413,1.0333120951470747,1.0,3.246776752546484e-05,1.0034192002755415,0.032580360388430374,0.009845288326300985,0.003407549182438062,0.05337156206859935
frozenset({'hygiene articles'}),frozenset({'whole milk'}),0.010574778792892597,0.11804906121861737,0.0010071217897992951,0.09523809523809526,0.8067670700211835,1.0,-0.00024122091929621977,0.9747878797057387,-0.19489565955454083,0.007891770011273959,-0.025864211916414182,0.051884739270479686
frozenset({'hard cheese'}),frozenset({'whole milk'}),0.010646716063592547,0.11804906121861737,0.0010071217897992951,0.09459459459459461,0.801315941169689,1.0,-0.0002497130465689784,0.9740950667137659,-0.2003936942474127,0.007887323943661973,-0.026593845068559573,0.05156298894872936
frozenset({'oil'}),frozenset({'soda'}),0.011006402417092295,0.07409538882094813,0.0010071217897992951,0.09150326797385622,1.2349387651500732,1.0,0.00019159812318501825,1.0191611907222657,0.19236044723388357,0.01197604790419162,0.01880094228145252,0.05254775049178248
frozenset({'frozen meals'}),frozenset({'other vegetables'}),0.013308395079490684,0.09279907920293504,0.0010071217897992951,0.07567567567567568,0.8154787345485021,1.0,-0.00022788501924631173,0.9814746803944855,-0.18654579344234498,0.009582477754962357,-0.018874984730190496,0.04326419442698513
frozenset({'salty snack'}),frozenset({'other vegetables'}),0.013308395079490684,0.09279907920293504,0.0010071217897992951,0.07567567567567568,0.8154787345485021,1.0,-0.00022788501924631173,0.9814746803944855,-0.18654579344234498,0.009582477754962357,-0.018874984730190496,0.04326419442698513
frozenset({'frozen meals'}),frozenset({'whole milk'}),0.013308395079490684,0.11804906121861737,0.0010071217897992951,0.07567567567567568,0.6410527529357511,1.0,-0.0005639217556610468,0.9541574483892151,-0.3620359142178441,0.0077262693156732905,-0.04804505974163397,0.042103529489269896
frozenset({'waffles'}),frozenset({'other vegetables'}),0.013740018703690382,0.09279907920293504,0.0010071217897992951,0.07329842931937174,0.7898616015260361,1.0,-0.0002679392941342775,0.978956925831861,-0.21244399218762816,0.009543285616905251,-0.02149540353908599,0.042075571248833155
frozenset({'UHT-milk'}),frozenset({'tropical fruit'}),0.015034889576289475,0.04841378318106611,0.0010071217897992951,0.06698564593301436,1.3836069303340752,1.0,0.0002792259057015456,1.0199052272572162,0.2814834522766163,0.01612903225806452,0.019516742070973134,0.04389401167378801
frozenset({'hamburger meat'}),frozenset({'yogurt'}),0.016689446802388316,0.06431192000575499,0.0010071217897992951,0.060344827586206906,0.938314819100517,1.0,-6.620857789620561e-05,0.9957781401773615,-0.06266653605015664,0.012589928057553957,-0.004239759492899046,0.0380023914217388
frozenset({'dessert'}),frozenset({'rolls/buns'}),0.01755269405078771,0.08351917128264154,0.0010071217897992951,0.05737704918032788,0.6869925587043392,1.0,-0.0004588646711002468,0.9722666182914586,-0.31682793316849356,0.010064701653486701,-0.028524461486990754,0.03471780968921648
frozenset({'napkins'}),frozenset({'rolls/buns'}),0.01784044313358751,0.08351917128264154,0.0010071217897992951,0.05645161290322582,0.6759120335639467,1.0,-0.00048289723603302617,0.9713130150508757,-0.32804370447450554,0.01003584229390681,-0.029534233048057922,0.03425509155066545
frozenset({'chocolate'}),frozenset({'sausage'}),0.01812819221638731,0.045248543270268324,0.0010071217897992951,0.055555555555555566,1.2277866101395516,1.0,0.00018684749988435252,1.0109133071255982,0.188951571543703,0.016147635524798157,0.010795492599290081,0.03890655361243597
frozenset({'chocolate'}),frozenset({'yogurt'}),0.01812819221638731,0.06431192000575499,0.0010071217897992951,0.055555555555555566,0.8638453890131743,1.0,-0.00015873705786995573,0.9907285552880241,-0.138320707070707,0.012367491166077738,-0.009358208827725239,0.03560775540641313
